reference_id,qr_code_image,date
m9tcftpg5xmbkph68yk,https://api.qrserver.com/v1/create-qr-code/?size=230x230&data=http%3A%2F%2Flocalhost%2Fsrc%2Fviews%2Fforms%2Fdonor-form-modal.php%3Fref%3Dm9tcftpg5xmbkph68yk,"2025-04-23 04:57:45"
m9tcfxo2ug7wtqsogms,https://api.qrserver.com/v1/create-qr-code/?size=230x230&data=http%3A%2F%2Flocalhost%2Fsrc%2Fviews%2Fforms%2Fdonor-form-modal.php%3Fref%3Dm9tcfxo2ug7wtqsogms,"2025-04-23 04:57:49"
m9tcfydf3do78gqq6pu,https://api.qrserver.com/v1/create-qr-code/?size=230x230&data=http%3A%2F%2Flocalhost%2Fsrc%2Fviews%2Fforms%2Fdonor-form-modal.php%3Fref%3Dm9tcfydf3do78gqq6pu,"2025-04-23 04:57:50"
m9tcfz8q103pq8ss9gz,https://api.qrserver.com/v1/create-qr-code/?size=230x230&data=http%3A%2F%2Flocalhost%2Fsrc%2Fviews%2Fforms%2Fdonor-form-modal.php%3Fref%3Dm9tcfz8q103pq8ss9gz,"2025-04-23 04:57:51"
m9tcfzuqa03e113s18e,https://api.qrserver.com/v1/create-qr-code/?size=230x230&data=http%3A%2F%2Flocalhost%2Fsrc%2Fviews%2Fforms%2Fdonor-form-modal.php%3Fref%3Dm9tcfzuqa03e113s18e,"2025-04-23 04:57:52"
m9tcg0nfpjpj5nhyb1b,https://api.qrserver.com/v1/create-qr-code/?size=230x230&data=http%3A%2F%2Flocalhost%2Fsrc%2Fviews%2Fforms%2Fdonor-form-modal.php%3Fref%3Dm9tcg0nfpjpj5nhyb1b,"2025-04-23 04:57:53"
m9tcg1a2ea7tkaycnrb,https://api.qrserver.com/v1/create-qr-code/?size=230x230&data=http%3A%2F%2Flocalhost%2Fsrc%2Fviews%2Fforms%2Fdonor-form-modal.php%3Fref%3Dm9tcg1a2ea7tkaycnrb,"2025-04-23 04:57:54"
m9tcg2puh6nhu25ci1d,https://api.qrserver.com/v1/create-qr-code/?size=230x230&data=http%3A%2F%2Flocalhost%2Fsrc%2Fviews%2Fforms%2Fdonor-form-modal.php%3Fref%3Dm9tcg2puh6nhu25ci1d,"2025-04-23 04:57:55"
m9tcg3kqftz1fla12bf,https://api.qrserver.com/v1/create-qr-code/?size=230x230&data=http%3A%2F%2Flocalhost%2Fsrc%2Fviews%2Fforms%2Fdonor-form-modal.php%3Fref%3Dm9tcg3kqftz1fla12bf,"2025-04-23 04:57:57"
m9twzdmv6h72mdvoqug,https://api.qrserver.com/v1/create-qr-code/?size=230x230&data=http%3A%2F%2Flocalhost%2Fsrc%2Fviews%2Fforms%2Fdonor-form-modal.php%3Fref%3Dm9twzdmv6h72mdvoqug,"2025-04-23 14:32:49"
m9tx2g4mrl51i3597j,https://api.qrserver.com/v1/create-qr-code/?size=230x230&data=http%3A%2F%2Flocalhost%2Fsrc%2Fviews%2Fforms%2Fdonor-form-modal.php,"2025-04-23 14:35:12"
m9tx3b8hfaet851f8tj,https://api.qrserver.com/v1/create-qr-code/?size=230x230&data=http%3A%2F%2Flocalhostdonor-form-modal.php,"2025-04-23 14:35:52"
m9tx5k40wwejgjj3o1,https://api.qrserver.com/v1/create-qr-code/?size=230x230&data=http%3A%2F%2FlocalhostREDCROSS%2Fsrc%2Fviews%2Fforms%2Fdonor-form-modal.php,"2025-04-23 14:37:37"
m9tx6kw82xrupzjln0b,https://api.qrserver.com/v1/create-qr-code/?size=230x230&data=http%3A%2F%2Flocalhost%2FREDCROSS%2Fsrc%2Fviews%2Fforms%2Fdonor-form-modal.php,"2025-04-23 14:38:24"
m9txb4vba9gs50kr6j7,https://api.qrserver.com/v1/create-qr-code/?size=230x230&data=http%3A%2F%2Flocalhost%2FREDCROSS%2Fsrc%2Fviews%2Fforms%2Fdonor-form-modal.php,"2025-04-23 14:41:57"
m9txb6c72payhssdlei,https://api.qrserver.com/v1/create-qr-code/?size=230x230&data=http%3A%2F%2Flocalhost%2FREDCROSS%2Fsrc%2Fviews%2Fforms%2Fdonor-form-modal.php,"2025-04-23 14:41:59"
m9txb76n02tp00msiiuq,https://api.qrserver.com/v1/create-qr-code/?size=230x230&data=http%3A%2F%2Flocalhost%2FREDCROSS%2Fsrc%2Fviews%2Fforms%2Fdonor-form-modal.php,"2025-04-23 14:42:00"
m9txb8cn8re0ulazw0g,https://api.qrserver.com/v1/create-qr-code/?size=230x230&data=http%3A%2F%2Flocalhost%2FREDCROSS%2Fsrc%2Fviews%2Fforms%2Fdonor-form-modal.php,"2025-04-23 14:42:01"
m9txb8q7pdgijbv40rp,https://api.qrserver.com/v1/create-qr-code/?size=230x230&data=http%3A%2F%2Flocalhost%2FREDCROSS%2Fsrc%2Fviews%2Fforms%2Fdonor-form-modal.php,"2025-04-23 14:42:02"
m9txb8uvhoe6107dl0p,https://api.qrserver.com/v1/create-qr-code/?size=230x230&data=http%3A%2F%2Flocalhost%2FREDCROSS%2Fsrc%2Fviews%2Fforms%2Fdonor-form-modal.php,"2025-04-23 14:42:02"
m9txb8ye3lbpsuoj1y7,https://api.qrserver.com/v1/create-qr-code/?size=230x230&data=http%3A%2F%2Flocalhost%2FREDCROSS%2Fsrc%2Fviews%2Fforms%2Fdonor-form-modal.php,"2025-04-23 14:42:02"
m9txbbtj91mqs50tcd,https://api.qrserver.com/v1/create-qr-code/?size=230x230&data=http%3A%2F%2Flocalhost%2FREDCROSS%2Fsrc%2Fviews%2Fforms%2Fdonor-form-modal.php,"2025-04-23 14:42:07"
m9txbd8fundbrtkwpp,https://api.qrserver.com/v1/create-qr-code/?size=230x230&data=http%3A%2F%2Flocalhost%2FREDCROSS%2Fsrc%2Fviews%2Fforms%2Fdonor-form-modal.php,"2025-04-23 14:42:07"
m9txbdmmhgb8suq0p8,https://api.qrserver.com/v1/create-qr-code/?size=230x230&data=http%3A%2F%2Flocalhost%2FREDCROSS%2Fsrc%2Fviews%2Fforms%2Fdonor-form-modal.php,"2025-04-23 14:42:08"
m9txbdvjrbz16khys3n,https://api.qrserver.com/v1/create-qr-code/?size=230x230&data=http%3A%2F%2Flocalhost%2FREDCROSS%2Fsrc%2Fviews%2Fforms%2Fdonor-form-modal.php,"2025-04-23 14:42:08"
m9txbdzywdc1o6nrs2,https://api.qrserver.com/v1/create-qr-code/?size=230x230&data=http%3A%2F%2Flocalhost%2FREDCROSS%2Fsrc%2Fviews%2Fforms%2Fdonor-form-modal.php,"2025-04-23 14:42:08"
m9txbe3bgjqr2tqek1,https://api.qrserver.com/v1/create-qr-code/?size=230x230&data=http%3A%2F%2Flocalhost%2FREDCROSS%2Fsrc%2Fviews%2Fforms%2Fdonor-form-modal.php,"2025-04-23 14:42:09"
m9txbg6e25ldzht79zl,https://api.qrserver.com/v1/create-qr-code/?size=230x230&data=http%3A%2F%2Flocalhost%2FREDCROSS%2Fsrc%2Fviews%2Fforms%2Fdonor-form-modal.php,"2025-04-23 14:42:12"
m9txbl28wllltlqgyzg,https://api.qrserver.com/v1/create-qr-code/?size=230x230&data=http%3A%2F%2Flocalhost%2FREDCROSS%2Fsrc%2Fviews%2Fforms%2Fdonor-form-modal.php,"2025-04-23 14:42:18"
m9txg9m724r8jeux8ds,https://api.qrserver.com/v1/create-qr-code/?size=230x230&data=http%3A%2F%2Flocalhost%2Fredcross%2Fsrc%2Fviews%2Fforms%2Fdonor-form-modal.php%3Fref%3Dm9txg9m724r8jeux8ds,"2025-04-23 14:45:57"
m9txgb9rbwk6tklle0m,https://api.qrserver.com/v1/create-qr-code/?size=230x230&data=http%3A%2F%2Flocalhost%2Fredcross%2Fsrc%2Fviews%2Fforms%2Fdonor-form-modal.php%3Fref%3Dm9txgb9rbwk6tklle0m,"2025-04-23 14:45:58"
m9txgcdyvwcfwwsvse,https://api.qrserver.com/v1/create-qr-code/?size=230x230&data=http%3A%2F%2Flocalhost%2Fredcross%2Fsrc%2Fviews%2Fforms%2Fdonor-form-modal.php%3Fref%3Dm9txgcdyvwcfwwsvse,"2025-04-23 14:46:00"
